Action,
Adventure,
Card Game,
Educational,
Fighting,
Interactive Fiction,
Platformer,
Puzzle,
Racing,
Rhythm,
Role Playing,
Shooter,
Simulation,
Sports,
Strategy,
Survival,
Visual Novel,
Other,
horror,
3d,
first-person,
adult,
creepy,
erotic,
action,
retro,
visual-novel,
rpg,
platformer,
puzzle,
survival,
psychological-horror,
dark,
cute,
simulation,
shooter,
interactive-fiction,
romance,
story-rich,
ttrpg,
indie,
casual,
lgbt,
arcade,
science-fiction,
exploration,
space,
low-poly,
mystery,
survival-horror,
narrative,
multiplayer,
rpgmaker,
anime,
strategy,
sprites,
female-protagonist,
funny,
comedy,
8-bit,
point-and-click,
roguelike,
multiple-endings,
tabletop,
dating-sim,
eroge,
renpy,
relaxing,
monsters,
16-bit,
experimental,
psx,
minimalist,
music,
unreal-engine,
weird,
side-scroller,
fangame,
colorful,
action-adventure,
tileset,
fighting,
spooky,
text-based,
medieval,
gamemaker,
card-game,
local-multiplayer,
magic,
lgbtqia,
fast-paced,
dungeon-crawler,
gay,
procedural,
fps,
zine,
queer,
physics,
difficult,
artgame,
gameboy,
shoot-em-up,
racing,
cyberpunk,
solo-rpg,
asset-pack,
puzzle-platformer,
walking-simulator,
third-person,
godot,
hand-drawn,
furry,
twine,
osr,
educational,
tilemap,
surreal,
slice-of-life,
metroidvania,
animals,
action-rpg,
pico-8,
roguelite,
rhythm,
dark-fantasy,
jrpg,
turn-based,
bullet-hell,
top-down-shooter,
cozy,
cats,
characters,
abstract,
journaling,
mouse-only,
gmless,
3d-platformer,
meaningful-choices,
isometric,
backgrounds,
post-apocalyptic,
co-op,
character-customization,
comics,
sports,
endless,
sandbox,
yuri,
bitsy,
otome,
lesbian,
virtual-reality,
boss-battle,
controller,
non-violent,
animation,
icons,
robots,
clicker,
high-score,
transgender,
management,
storygame,
farming,
aliens,
user-interface,
supernatural,
halloween,
tower-defense,
open-world,
zombies,
ghosts,
idle,
generator,
dice,
city-builder,
escape-game,
stealth,
two-player,
board-game,
forest,
local-co-op,
one-shot,
speedrun,
minigames,
yaoi,
dungeons-and-dragons,
life-simulation,
nature,
top-down-adventure,
turn-based-combat,
1-bit,
jumping,
16x16,
detective,
gore,
turn-based-strategy,
print-and-play,
bara,
real-time-strategy,
audio,
simple,
one-page,
vampire,
boys-love,
dystopian,
art-book,
food,
gacha-club,
suspense,
thriller,
maze,
crafting,
dark-humor,
my-first-game-jam,
gui,
futuristic,
black-and-white,
male-protagonist,
creative,
party-game,
dreams,
hack-and-slash,
game-design,
runner,
incremental,
cartoon,
pbta,
chiptune,
mental-health,
historical,
voxel,
global-game-jam,
commodore-64,
third-person-shooter,
driving,
kinetic-novel,
artificial-intelligence,
underwater,
fonts,
sourcecode,
farming-simulator-22,
voice-acting,
war,
tactical-rpg,
dogs,
upgrades,
tactical,
blocks,
remake,
pirates,
violent,
open-source,
manga,
nes,
drm-free,
sound-effects,
gamepad,
one-button,
beat-em-up,
mechs,
western,
love2d,
time-travel,
deck-building,
crime,
parkour,
level-editor,
parody,
itchfunding,
virtual-pet,
troika,
drawing,
swords,
rules-lite,
creepypasta,
homebrew,
gameboy-rom,
touch-friendly,
dragons,
space-sim,
tarot,
gothic,
construct-2,
photorealistic,
fishing,
blender,
versus,
twin-stick-shooter,
meme,
noir,
,
psychedelic,
music-production,
time-attack,
vector,
sims-4,
superhero,
liminal-space,
lovecraft,
infinite-runner,
rpglatam,
gravity,
mythology,
weapons,
satire,
pvp,
hexcrawl,
demake,
royalty-free,
christmas,
score-attack,
mmorpg,
neon,
gmtkjam,
fnaf,
strategy-rpg,
synthwave,
fairy-tale,
lo-fi,
effects,
explosions,
sokoban,
mind-bending,
oculus-quest,
destruction,
souls-like,
flight,
supplement,
nes-rom,
perma-death,
doom,
tycoon,
immersive,
gacha,
tetris,
prototype,
template,
typing,
steampunk,
game-engine,
fnf,
altgame,
lyric-game,
dinosaurs,
frog,
period-piece,
flying,
nintendo64,
undertale,
ninja,
wizards,
glitch,
relationship,
economy,
puzzlescript,
alternate-history,
folklore,
modern,
forged-in-the-dark,
chess,
feel-good,
word-game,
slime,
belonging-outside-belonging,
playdate,
hex-based,
tanks,
touhou,
slasher,
skeletons,
ascii,
cult-classic,
pastel,
,
nuclear-throne,
real-time,
diceless,
micro-rpg,
math,
sworddream,
parallax,
atari,
archery,
png,
fantasy-console,
textures,
emulator,
breakout,
heist,
golf,
hacking,
asteroids,
moe,
buttons,
amstrad-cpc,
painting,
moddable,
amiga,
secrets,
business-card,
lowrezjam,
gardening,
,
automation,
ntt,
vehicles,
endless-runner,
baldis-basics,
vst,
modular,
family-friendly,
gameboy-advance,
,
trains,
episodic,
skating,
sega-genesis,
flappy-bird,
,
kickstarter,
tyranobuilder,
,
tutorial,
zx-spectrum,
non-linear,
fps-platformer,
shaders,
fbx,
deathmatch,
non-eucledian,
gbjam,
spoopy,
superpowers,
midi,
,
,
tentacles,
memoir,
one-hit-kill,
magical-realism,
video,
,
coming-of-age,
lone-survivor,
7drl,
,
,
team-based,
siren-head,
visualization,
trading,
,
,
horrible,
,
flat-shading,
larp,
4x,
football,
chicken,
tic-80,
mega-drive,
soundtoy,
loot,
oculus-rift,
live-action,
traps,
,
gender,
wav,
trashcore,
on-rails-shooter,
procjam,
,
msx,
brain-training,
railroad,
shadows,
perspective,
dicey-dungeons,
combos,
7dfps,
ms-dos,
dreamcast,
watercolor,
roadtrip,
split-screen,
voice-controlled,
soccer,
pinball,
brushes,
classes,
kung-fu,
,
screensaver,
,
instrument,
norse,
massively-multiplayer,
github,
grayscale,
Мешап,
stencyl,
fmv,
wordle,
,
world-war-ii,
,
wobbly,
mountains,
norway,
sailing,
sitting-simulator,
,
dos,
job-system,
boring,
working-simulator,
two-colors,
binaural,
zero-gravity,
tablet,
stop-motion,
internet,
endesga-32,
world-war-i,
trijam,
,
hypercard,
picocad,
sharecart1000,
vic-20,
svg,
vrchat,
,
ggj15,
psp,
,
,
libgdx,
augmented-reality,
rotation,
ciphers,
1gam,
kinect,
leap-motion,
barfcade,
tennis,
ggj2020,
celtic,
sfml,
corona-sdk,
turbografx,
Безжанровий,
Екшн,
Пригодницький,
Карткові ігри,
Розвивальний,
Бійки,
Інтерактивна фантастика,
Платформер,
Головоломка,
Перегони,
Ритм,
Рольові ігри,
Шутер,
Симуляція,
Спорт,
Стратегія,
Виживання,
Візуальна новела,
Інші,
Жахи,
3D,
Від першого лиця,
дорослий,
моторошний,
еротичний,
дія,
ретро,
візуальна новела,
Рпг,
платформер,
головоломка,
виживання,
Психологічні жахи,
темний,
милий,
Симуляція,
Шутер,
інтерактивна фантастика,
роман,
багатий історією,
ттрпг,
інді,
випадковий,
ЛГБТ,
аркада,
наукова фантастика,
розвідка,
Космос,
Низькополігональний,
Містика,
Виживання-жахи,
розповідь,
Багатокористувацький,
Рпгмейкер,
аніме,
стратегія,
спрайт,
Жіночий протогоніст,
смішний,
комедія,
8-бітний,
Курсорний,
Рогалик,
Багатокнцівковий,
Настільні,
Симулятор знайовмств,
ерог,
Ренпай,
розслабляючий,
монстри,
16-бітний,
експериментальний,
PSX,
мінімаліст,
музика,
Анріал енджин,
дивний,
З видом збоку,
Фангейм,
барвистий,
Пригодницький бойовик,
Плиткова графіка,
бійка,
моторошний,
текстовий,
середньовічний,
геймейкер,
карткова гра,
Локальний багатокористувацький,
магія,
ЛГБТКІЯ,
Динамічний,
підземелля,
гей,
процедурний,
Фпс,
Зін,
химерний,
фізика,
важкий,
арт -гра,
геймбой,
перестріляй їх всіх,
перегони,
кіберпанк,
Соло-рпг,
Набір асетів,
Головоломка-платформер,
Симулятор ходьби,
Вид від третього лиця,
годот,
мальована анімація,
пухнастий,
Твайн,
ОСР,
навчальний,
Поділений на локації,
сюрреалістичний,
Шматочок життя,
Метроїдванія,
тварини,
Рольовий бойовик,
Піко-8,
Роуглайт,
ритм,
Темне фентезі,
Джейрпг,
Покрокова стратегія,
Булетхел,
шутер з видом зверху,
затишний,
коти,
персонажі,
абстрактний,
журнал,
Тільки мишка,
безглуздий,
3D-платформер,
змістовні вибори,
ізометричний,
фон,
пост апокаліптичний,
Спільні ігри,
Кастомізація персонажа,
комікси,
спорт,
нескінченний,
пісочниця,
Юрі,
Бітсі,
Отоме,
лесбіянка,
віртуальна реальність,
Босфайт,
контролер,
ненасильницький,
анімація,
Іконки,
роботи,
клікер,
висока оцінка,
трансгендер,
управління,
розповідь,
Фармінг,
Прибульці,
користувацький інтерфейс,
надприродний,
Хелоувін,
Тавердефенс,
відкритий світ,
зомбі,
привиди,
Айдл,
генератор,
Гральні кості,
Симулятор будівництва,
втеча,
Стелс,
Двогравцевий,
настільна гра,
лісовий,
Локальний багатокористувацький,
Ваншот,
Спідран,
міні -ігри,
яой,
підземелля та дракони,
Симулятор життя,
природа,
Top-down пригодницький,
Почерговий двобій,
1-бітний,
стрибки,
16х16,
детектив,
Кровавий,
Покрокова стратегія,
Пиши і грай,
Бара,
Стратегія в реальному часі,
аудіо,
простий,
Односторінковий,
вампір,
Любов хлопців,
дистопійський,
арт-книга,
їжа,
Гача клаб,
напруга,
трилер,
лабіринт,
Створення,
Чорний гумор,
Мій перший ігровий турнір,
Графічний інтерфейс користувача,
футуристичний,
Чорнобілий,
чоловічий-протегоніст,
творчий,
Вечіркова гра,
мрії,
Зі зброєю ближнього бою,
ігровий дизайн,
Ранер,
поступовий,
мультфільм,
ПБТА,
Чіптюн,
психічне здоров'я,
історичний,
воксель,
Глобальний ігровий турнір,
Commodore-64,
Шутер від третього лиця,
водіння,
Кінетична новела,
штучний інтелект,
підводний,
шрифти,
Вихідний код,
Симулятор сільського господарства,
Озвучка,
війна,
Тактична рпг,
собаки,
Покращення,
тактичний,
блоки,
Ремейк,
Пірати,
насильницький,
відкрите джерело,
манга,
NES,
DRM-доступ,
звукові ефекти,
геймпад,
Однокнопковий,
Подолай їх,
Мехи,
західний,
love2d,
Подорожі в часі,
Збирання колоди,
злочин,
паркур,
Левеледітор,
пародія,
Itchfunding,
Віртуальні домашні улюбленці,
Тройка,
малювання,
мечі,
Рулслайт,
Кріпіпаста,
Хоумбрю,
Геймбой ром,
Тачфрендлі,
дракони,
Сумлятор космосу,
Тарот,
готичний,
Констракт 2,
фотореалістичний,
риболовля,
блендер,
Протистояння,
Твінстік шутер,
мем,
нуар,
,
психоделічний,
Музична продукція,
Змагання на час,
вектор,
Сімс-4,
супергерой,
лімінальний простір,
Лавкрафт,
Нескінченний бігун,
Рпглатам,
Гравітація,
міфологія,
зброя,
сатира,
ПВП,
Підземелля з відкритим світом,
Демейк,
Роялтіфрі,
різдвяний,
Набивання очків,
ММОРПГ,
неоновий,
Змагання розробників,
ФНАФ,
ГРП-стратегія,
Синтвейв,
казка,
Ло-Фі,
ефект,
вибухи,
сокобан,
Галюциногенний,
Квест віртуальної реальності,
знищення,
Соулслайк,
Політ,
доповнення,
НЕС-РОМ,
Стовідсоткова смерть,
Дум,
Тайкон,
Занурення,
гача,
тетріс,
прототип,
шаблон,
Друкування,
Стімпанк,
ігровий двигун,
ФНФ,
Альтернативна реальність,
Ліричні ігри,
динозаври,
жаба,
періодичний,
летячий,
Нінтендо-64,
Ундертейл,
ніндзя,
чарівники,
глюк,
відносини,
Економіка,
головоломка,
альтернативна історія,
фольклор,
сучасний,
Занурений в темряву,
шахи,
почуватися добре,
Гра слів,
слиз,
Вуличні банди,
іграшка,
На базі шестигранників,
резервуари,
Тоухоу,
Слешер,
скелети,
Аскі,
Кільтова класика,
пастель,
,
Нюклеартрон,
реальний час,
Без випадковостей,
Мікрорпг,
математика,
Сворддрім,
паралакс,
Атарі,
Стрільба з луку,
ПНГ,
Емулятор ігрової консолі,
текстури,
емулятор,
Брейкаут,
Пограбування,
гольф,
злам,
астероїди,
Мое,
кнопки,
Amstrad-CPC,
малювання,
Модейбл,
аміга,
секрети,
бізнес картка,
Лоурезжам,
садівництво,
,
автоматизація,
нтт,
транспортні засоби,
Нескінченний бігун,
Балдіс беізікс,
VST,
модульний,
сімейний,
Геймбой адвенсед,
,
поїзди,
епізодичний,
катання на ковзанах,
Сега генезиз,
Флеппібьорд,
,
кікстартер,
Тиранобілдер,
,
Туторіал,
ZX-спектрум,
нелінійний,
ФПС-платформрер,
шейдери,
FBX,
Бій насмерть,
Неевклідовий,
Гбджем,
Спупі,
Суперсили,
міді,
,
,
щупальця,
мемуар,
Вбивство за один удар,
магічний реалізм,
відео,
,
Перехід до зрілого віку,
останній виживший,
7DRL,
,
,
командний,
сирена,
візуалізація,
торгівля,
,
,
жахливий,
,
Плоске відтінення,
ЛАРП,
4x,
футбол,
курка,
TIC-80,
мега-драйв,
Суандтой,
Здобич,
Окуляри віртуальної реальності,
Лайвекшин,
пастки,
,
Стать,
wav,
Трешкор,
Шутер на рейках,
Прокджем,
,
MSX,
Тренування мозку,
залізниця,
тіні,
перспектива,
Дайсі данженс,
комбо,
7DFPS,
MS-DOS,
Dreamcast,
акварель,
поїздка,
розщеплений екран,
Керування голосом,
футбол,
пінбол,
щітки,
заняття,
Кунг-фу,
,
Скрінсейвер,
,
інструмент,
норвезький,
Масово-багатокористувацький,
Гітхаб,
Грейскейлс,
Мешап,
Стенсіл,
FMV,
Вордл,
,
Друга Світова війна,
,
химерний,
гори,
Норвегія,
плавання,
Симулятор догляду,
,
dos,
Система роботи,
нудний,
Симулятор роботи,
двоколірні,
бінауральний,
невагомість,
планшет,
стоп-кадр,
Інтернет,
Endesga-32,
Перша світова війна,
Тріджем,
,
Гіперкарта,
пікокад,
ShareCart1000,
VIC-20,
SVG,
vrchat,
,
GGJ15,
PSP,
,
,
libgdx,
доповнена реальність,
обертання,
Шифр,
1 гам,
кінект,
Функція зчитування рухів,
Барфкейд,
теніс,
GGJ2020,
кельтський,
SFML,
Корона-SDK,
Турбогрефікс,
